{"mean":{"confidence_interval":{"confidence_level":0.95,"lower_bound":24151658.687499993,"upper_bound":24999887.635249987},"point_estimate":24550961.820000008,"standard_error":216025.03413930302},"median":{"confidence_interval":{"confidence_level":0.95,"lower_bound":23921387.666666668,"upper_bound":24800038.0},"point_estimate":24282898.666666664,"standard_error":222202.53613937876},"median_abs_dev":{"confidence_interval":{"confidence_level":0.95,"lower_bound":1350533.9216232318,"upper_bound":2117896.780499817},"point_estimate":1801615.952014924,"standard_error":177505.36876832184},"slope":null,"std_dev":{"confidence_interval":{"confidence_level":0.95,"lower_bound":1376972.4892435889,"upper_bound":2933168.658792029},"point_estimate":2179389.749434979,"standard_error":412783.5420650952}}